idea_id,idea,pillar,campaign,platform,format,priority,status,source,notes
CI-001,"Preparation beats motivation: the case, in 45 seconds",Performance Education,,tiktok,short,P1,IDEA,build-2026-08-19,
CI-002,The last hour before pressure: what to actually do with it,Performance Education,,reels,short,P1,IDEA,build-2026-08-19,
CI-003,Why elite warmups start the night before,Performance Education,,shorts,short,P2,IDEA,build-2026-08-19,
CI-004,Deep work blocks: the 90-minute preparation protocol,Performance Education,,linkedin,carousel,P2,IDEA,build-2026-08-19,
CI-005,The difference between a routine and a ritual,Performance Education,,reels,short,P1,IDEA,build-2026-08-19,brand-core idea
CI-006,Composure under pressure is trainable: three methods,Performance Education,,shorts,short,P2,IDEA,build-2026-08-19,
CI-007,Sleep is preparation: the night-before checklist,Performance Education,,reels,short,P2,IDEA,build-2026-08-19,behavioral framing only
CI-008,How to build a pre-game ritual from scratch,Performance Education,,shorts,short,P2,IDEA,build-2026-08-19,
CI-009,Preparation for people with chaotic schedules (shift workers),Performance Education,,tiktok,short,P2,IDEA,build-2026-08-19,P3 audience
CI-010,The four verbs explained: Pause. Hydrate. Lock-In. Perform.,Performance Education,,reels,short,P1,IDEA,build-2026-08-19,canon
CI-011,Thirst lags: why you're behind before you feel it,Hydration Education,,tiktok,short,P1,IDEA,build-2026-08-19,SF-004
CI-012,What leaves your body in sweat (and what puts it back),Hydration Education,,shorts,short,P1,IDEA,build-2026-08-19,SF-010
CI-013,Morning dehydration: what a night does to fluid balance,Hydration Education,,tiktok,short,P2,IDEA,build-2026-08-19,Agent 07 sourcing
CI-014,Hydration for flights: the travel protocol,Hydration Education,hydration-sticks-launch,reels,short,P1,IDEA,build-2026-08-19,sticks tie-in
CI-015,Heat training: hydration rules for August,Hydration Education,,shorts,short,P1,IDEA,build-2026-08-19,SF-017 seasonal
CI-016,Eight glasses a day: where the rule came from,Hydration Education,,tiktok,short,P2,IDEA,build-2026-08-19,
CI-017,Hydration and focus: what the evidence actually says,Hydration Education,,shorts,short,P2,IDEA,build-2026-08-19,EMERGING lane care
CI-018,Why 'just drink more water' is incomplete advice,Hydration Education,,tiktok,short,P1,IDEA,build-2026-08-19,
CI-019,"Coffee, alcohol, and fluid balance: the honest version",Hydration Education,,shorts,short,P3,IDEA,build-2026-08-19,QA heavy
CI-020,"The hydration process chain, animated (ingestion to function)",Hydration Education,,reels,short,P2,IDEA,build-2026-08-19,science page adaptation
CI-021,Why we put the pH on the can and not a promise,AForce Product,,tiktok,short,P1,IDEA,build-2026-08-19,SF-001
CI-022,Sticks explained: the ritual travels,AForce Product,hydration-sticks-launch,reels,short,P1,IDEA,build-2026-08-19,SF-005 hero
CI-023,"The Demand system: seven demands, one ritual",AForce Product,hydration-sticks-launch,reels,short,P1,IDEA,build-2026-08-19,SF-007
CI-024,'Expensive salt?' — the honest answer,AForce Product,hydration-sticks-launch,tiktok,short,P1,IDEA,build-2026-08-19,SF-008
CI-025,Honest answer: when you don't need us,AForce Product,,tiktok,short,P1,IDEA,build-2026-08-19,SF-019 trust play
CI-026,Variety Pack in 15 seconds,AForce Product,hydration-sticks-launch,reels,short,P2,IDEA,build-2026-08-19,direct response 5%
CI-027,Sticks vs cans: which format for which life,AForce Product,,reels,short,P2,IDEA,build-2026-08-19,
CI-028,"What we can't tell you yet (formulation sign-off, honestly)",AForce Product,hydration-sticks-launch,tiktok,short,P2,IDEA,build-2026-08-19,QA required
CI-029,"Unboxing, but it's just the truth: what's in the box",AForce Product,hydration-sticks-launch,tiktok,short,P2,IDEA,build-2026-08-19,
CI-030,"AForce OS activation: scan the stick, see the ritual",AForce Product,,stories,story,P3,IDEA,build-2026-08-19,verify OS flow before filming
CI-031,4:58 — the beach where AForce started,Founder Journey,,reels,short,P1,IDEA,build-2026-08-19,FD-001
CI-032,The call: 'I think I just came up with the next big thing',Founder Journey,,reels,short,P1,IDEA,build-2026-08-19,FD-002
CI-033,Two years of 'impossible',Founder Journey,,linkedin,text+short,P1,IDEA,build-2026-08-19,FD-003
CI-034,The spreadsheet that changed everything,Founder Journey,,shorts,short,P1,IDEA,build-2026-08-19,FD-004
CI-035,Formulate. Fail. Adjust. Return. — the loop we live,Founder Journey,,reels,short,P1,IDEA,build-2026-08-19,FD-005
CI-036,Julius's dream: why there's an OS,Founder Journey,,reels,short,P1,IDEA,build-2026-08-19,FD-006 Julius voice
CI-037,Vision guy vs structure guy: how brothers divide a company,Founder Journey,,tiktok,short,P2,IDEA,build-2026-08-19,FD-007
CI-038,What September launch month actually looks like from inside,Founder Journey,hydration-sticks-launch,linkedin,text,P1,IDEA,build-2026-08-19,FD-008 [SLOTs]
CI-039,The hardest no we've said so far,Founder Journey,,tiktok,short,P2,IDEA,build-2026-08-19,FD-009 [SLOT]
CI-040,Why the ritual starts with Pause (both origin stories),Founder Journey,,reels,short,P2,IDEA,build-2026-08-19,FD-010
CI-041,48 Hours Out: half-marathon edition,Athletic Performance,,reels,short,P1,IDEA,build-2026-08-19,F06 pilot; UGC-002
CI-042,The moment before: amateur fighter's last hour,Athletic Performance,,reels,short,P1,IDEA,build-2026-08-19,SF-003 F01 pilot
CI-043,"Game-day mornings: three sports, one standard",Athletic Performance,,shorts,short,P2,IDEA,build-2026-08-19,
CI-044,Student athlete season prep (dorm edition),Athletic Performance,,tiktok,short,P2,IDEA,build-2026-08-19,UGC-005 NIL check
CI-045,Training in heat: what changes above 85 degrees,Athletic Performance,,shorts,short,P2,IDEA,build-2026-08-19,with hydration ed
CI-046,The taper: why doing less feels harder,Athletic Performance,,shorts,short,P3,IDEA,build-2026-08-19,
CI-047,Post-session window: recovery as the second half of work,Athletic Performance,,reels,short,P2,IDEA,build-2026-08-19,behavioral framing
CI-048,Off-season discipline: what athletes keep when nobody's watching,Athletic Performance,,reels,short,P2,IDEA,build-2026-08-19,culture crossover
CI-049,First Action: the template (my first 30 minutes),Lifestyle,,tiktok,short,P1,IDEA,build-2026-08-19,F07 launch; SF-012
CI-050,The gym bag audit: what's actually in there,Lifestyle,,tiktok,short,P2,IDEA,build-2026-08-19,
CI-051,Hotel room ritual: keeping the standard on the road,Lifestyle,hydration-sticks-launch,tiktok,short,P1,IDEA,build-2026-08-19,SF-014
CI-052,Desk setup for the 2 PM decision,Lifestyle,,reels,short,P3,IDEA,build-2026-08-19,
CI-053,Sunday reset without the aesthetic,Lifestyle,,reels,short,P2,IDEA,build-2026-08-19,anti-cliché angle
CI-054,The parent's 5:50 AM: before the household wakes,Lifestyle,,reels,short,P1,IDEA,build-2026-08-19,UGC-009; canon image
CI-055,Car rituals: the parking-lot pause before work,Lifestyle,,tiktok,short,P2,IDEA,build-2026-08-19,
CI-056,What a prepared week looks like on Sunday night,Lifestyle,,carousel,carousel,P3,IDEA,build-2026-08-19,
CI-057,The reps no one applauds,Motivation + Discipline,,reels,short,P1,IDEA,build-2026-08-19,"quote-adjacent, film real reps"
CI-058,Showing up on the days you'd rather not,Motivation + Discipline,,reels,short,P1,IDEA,build-2026-08-19,canon line
CI-059,Standards vs goals: why standards win,Motivation + Discipline,,x,text,P2,IDEA,build-2026-08-19,
CI-060,"Quiet Hours: 5 AM, no music, no hype",Motivation + Discipline,,reels,short,P1,IDEA,build-2026-08-19,F09; SF-009
CI-061,Discipline is remembering what you wanted — rebuttal,Motivation + Discipline,,tiktok,short,P3,IDEA,build-2026-08-19,avoid cliché; contrarian take
CI-062,One non-negotiable beats ten habits,Motivation + Discipline,,shorts,short,P2,IDEA,build-2026-08-19,F08 tie
CI-063,The 7-day First Action challenge,Motivation + Discipline,,tiktok,short,P2,IDEA,build-2026-08-19,community mechanic
CI-064,Composure is the new flex,Motivation + Discipline,,x,text,P2,IDEA,build-2026-08-19,
CI-065,Sodium: the misunderstood one,Ingredients,,shorts,short,P1,IDEA,build-2026-08-19,SF-002 F04 ep1
CI-066,Potassium: the signal keeper,Ingredients,,shorts,short,P1,IDEA,build-2026-08-19,F04 ep2
CI-067,Magnesium: quiet participant in energy production,Ingredients,,shorts,short,P2,IDEA,build-2026-08-19,F04 ep3 NIH framing
CI-068,Calcium beyond bones: muscle and nerve talk,Ingredients,,shorts,short,P2,IDEA,build-2026-08-19,F04 ep4
CI-069,"What 'marine minerals' means, plainly",Ingredients,,tiktok,short,P2,IDEA,build-2026-08-19,canon transparency
CI-070,0g added sugar: what that phrase legally means,Ingredients,,tiktok,short,P2,IDEA,build-2026-08-19,Stated Plainly
CI-071,"Chlorella, dulse, seamoss: one botanical per can, why",Ingredients,,reels,short,P2,IDEA,build-2026-08-19,cans only — sticks pending
CI-072,Electrolytes are not energy: the regulation story,Ingredients,,shorts,short,P1,IDEA,build-2026-08-19,SF-015
CI-073,Different Arenas: surgeon x wrestler split-screen,Culture,,reels,short,P1,IDEA,build-2026-08-19,SF-013 F05 pilot
CI-074,Non-Negotiables: street interviews vol. 1,Culture,,tiktok,short,P1,IDEA,build-2026-08-19,SF-016 F08 pilot
CI-075,The quiet before: montage of empty arenas at dawn,Culture,,reels,short,P2,IDEA,build-2026-08-19,
CI-076,Preparation across generations: the 60-year-old lifter,Culture,,reels,short,P2,IDEA,build-2026-08-19,
CI-077,Why loud confidence is usually compensation,Culture,,x,text,P3,IDEA,build-2026-08-19,careful tone — no punching down
CI-078,"The moment before: line cook, 400-cover Saturday",Culture,,reels,short,P2,IDEA,build-2026-08-19,F01 ep2
CI-079,Everyone performs: the thesis film,Culture,hydration-sticks-launch,reels,hero,P1,IDEA,build-2026-08-19,launch hero candidate
CI-080,Prediction: prep content replaces motivation content,Culture,,x,text,P3,IDEA,build-2026-08-19,
CI-081,What's your arena? — comment harvest launcher,Community,,tiktok,short,P1,IDEA,build-2026-08-19,F05 intake
CI-082,Ask AForce vol. 1: why not just water?,Community,,tiktok,short,P1,IDEA,build-2026-08-19,F12 pilot
CI-083,Flavor debate: Watermelon vs Soursop vs Berry,Community,hydration-sticks-launch,stories,story,P2,IDEA,build-2026-08-19,SF-018 poll
CI-084,"Founding 250: who they are, why 250",Community,,reels,short,P2,IDEA,build-2026-08-19,October event runway
CI-085,Show us your 4:58 — community challenge,Community,,reels,short,P2,IDEA,build-2026-08-19,
CI-086,First customer stories (with permission),Community,hydration-sticks-launch,reels,short,P2,IDEA,build-2026-08-19,post-launch; real stories only
CI-087,Comment-to-content: best objection this week,Community,,tiktok,short,P2,IDEA,build-2026-08-19,F12 recurring
CI-088,"The answers wall: your non-negotiables, featured",Community,,stories,story,P3,IDEA,build-2026-08-19,F08 recurring
CI-089,Batch fails: the formulation loop on camera,Behind The Brand,,reels,short,P1,IDEA,build-2026-08-19,F10 pilot [verify facts]
CI-090,Packaging rev 7 vs rev 1,Behind The Brand,,tiktok,short,P2,IDEA,build-2026-08-19,[verify revision count]
CI-091,The first pallet,Behind The Brand,hydration-sticks-launch,reels,short,P1,IDEA,build-2026-08-19,launch-week moment
CI-092,How a flavor gets approved (taste panel BTS),Behind The Brand,,tiktok,short,P2,IDEA,build-2026-08-19,
CI-093,Warehouse day: what shipping week looks like,Behind The Brand,hydration-sticks-launch,stories,story,P2,IDEA,build-2026-08-19,
CI-094,Why New York: the company's home,Behind The Brand,,linkedin,text,P3,IDEA,build-2026-08-19,[SLOT founder]
CI-095,Explaining soursop to people who've never heard of it,Entertainment,,tiktok,short,P1,IDEA,build-2026-08-19,SF-006
CI-096,Rating movie 'moment before' scenes as prep coaches,Entertainment,,tiktok,short,P2,IDEA,build-2026-08-19,culture-safe fun
CI-097,"The ASMR pour: stick into water, no talking",Entertainment,,reels,short,P2,IDEA,build-2026-08-19,'The Pour' bench franchise
CI-098,Gym sounds ranked by a sound engineer,Entertainment,,tiktok,short,P3,IDEA,build-2026-08-19,
CI-099,Office hydration stations reviewed (kindly),Entertainment,,tiktok,short,P3,IDEA,build-2026-08-19,no punching down
CI-100,POV: your water asks where the electrolytes went,Entertainment,,tiktok,short,P3,IDEA,build-2026-08-19,meme-native; Guardian check
